timestamp_ns,duration_ns,requests_in_flight,path,range_start,range_end
0,8000,0,traced_file,0,832
1756999,5000,1,traced_file,832,1664
2010999,5000,2,traced_file,1664,2496
2029999,4000,3,traced_file,64,848
2064999,4000,4,traced_file,64,848
10596999,13000,5,traced_file,2496,3520
10652999,8000,6,traced_file,3520,4544
10676999,8000,7,traced_file,4544,5568
10698999,6000,8,traced_file,5568,5940
11835999,9000,9,traced_file,0,128
11857999,4000,10,traced_file,128,141
11875999,4000,11,traced_file,141,141
12121999,6000,12,traced_file,0,11
12143999,4000,13,traced_file,11,11
12210999,5000,14,traced_file,0,11
12228999,4000,15,traced_file,11,11
12291999,5000,16,traced_file,0,11
12308999,4000,17,traced_file,11,11
12425999,5000,18,traced_file,0,11
12442999,4000,19,traced_file,11,11
13592999,8000,20,traced_file,0,5
17592999,10000,21,traced_file,0,128
17620999,5000,22,traced_file,128,141
17639999,5000,23,traced_file,141,141
17749999,6000,24,traced_file,0,11
17767999,4000,25,traced_file,11,11
17831999,5000,26,traced_file,0,11
17848999,4000,27,traced_file,11,11
17911999,5000,28,traced_file,0,11
17928999,4000,29,traced_file,11,11
17990999,5000,30,traced_file,0,11
18007999,4000,31,traced_file,11,11
18378999,7000,32,traced_file,0,128
18399999,4000,33,traced_file,128,141
18416999,4000,34,traced_file,141,141
18515999,5000,35,traced_file,0,11
18532999,4000,36,traced_file,11,11
18594999,5000,37,traced_file,0,11
18611999,4000,38,traced_file,11,11
18673999,5000,39,traced_file,0,11
18690999,4000,40,traced_file,11,11
18750999,5000,41,traced_file,0,11
18767999,4000,42,traced_file,11,11
19031999,6000,43,traced_file,0,128
19051999,4000,44,traced_file,128,141
19068999,4000,45,traced_file,141,141
19166999,5000,46,traced_file,0,11
19183999,4000,47,traced_file,11,11
19244999,5000,48,traced_file,0,11
19261999,4000,49,traced_file,11,11
19322999,5000,50,traced_file,0,11
19339999,4000,51,traced_file,11,11
19410999,5000,52,traced_file,0,11
19428999,4000,53,traced_file,11,11
39068999,76000,54,traced_file,0,2159
44580999,14000,55,traced_file,2159,3183
44630999,8000,56,traced_file,3183,4207
44656999,8000,57,traced_file,4207,5231
44681999,8000,58,traced_file,5231,6255
44705999,8000,59,traced_file,6255,7279
44729999,8000,60,traced_file,7279,8303
44753999,8000,61,traced_file,8303,9327
44776999,8000,62,traced_file,9327,10351
44800999,7000,63,traced_file,10351,10699
57185999,10000,64,traced_file,0,128
57213999,5000,65,traced_file,128,141
57231999,4000,66,traced_file,141,141
57344999,49000,67,traced_file,0,11
57430999,5000,68,traced_file,11,11
57507999,5000,69,traced_file,0,11
57525999,4000,70,traced_file,11,11
57591999,5000,71,traced_file,0,11
57609999,4000,72,traced_file,11,11
57673999,5000,73,traced_file,0,11
57691999,4000,74,traced_file,11,11
57780999,7000,75,traced_file,0,128
57800999,4000,76,traced_file,128,141
57817999,4000,77,traced_file,141,141
57920999,5000,78,traced_file,0,11
57938999,5000,79,traced_file,11,11
58002999,5000,80,traced_file,0,11
58019999,4000,81,traced_file,11,11
58083999,5000,82,traced_file,0,11
58101999,5000,83,traced_file,11,11
58165999,5000,84,traced_file,0,11
58183999,4000,85,traced_file,11,11
58817999,7000,86,traced_file,0,128
58847999,8000,87,traced_file,128,141
58869999,4000,88,traced_file,141,141
58974999,5000,89,traced_file,0,11
58992999,4000,90,traced_file,11,11
59057999,5000,91,traced_file,0,11
59075999,4000,92,traced_file,11,11
59138999,5000,93,traced_file,0,11
59156999,4000,94,traced_file,11,11
59219999,5000,95,traced_file,0,11
59236999,4000,96,traced_file,11,11
59321999,6000,97,traced_file,0,128
59340999,4000,98,traced_file,128,141
59367999,5000,99,traced_file,141,141
59472999,5000,100,traced_file,0,11
59490999,4000,101,traced_file,11,11
59553999,5000,102,traced_file,0,11
59571999,4000,103,traced_file,11,11
59633999,5000,104,traced_file,0,11
59651999,4000,105,traced_file,11,11
59714999,5000,106,traced_file,0,11
59731999,4000,107,traced_file,11,11
63197999,10000,108,traced_file,11,152
63238999,5000,109,traced_file,152,152
63287999,58000,110,traced_file,152,4167
64093999,7000,111,traced_file,0,128
64114999,5000,112,traced_file,128,141
64132999,4000,113,traced_file,141,141
64238999,6000,114,traced_file,0,11
64256999,4000,115,traced_file,11,11
64323999,5000,116,traced_file,0,11
64341999,4000,117,traced_file,11,11
64530999,7000,118,traced_file,0,11
64550999,5000,119,traced_file,11,11
64621999,6000,120,traced_file,0,11
64640999,4000,121,traced_file,11,11
64730999,7000,122,traced_file,0,128
64750999,4000,123,traced_file,128,141
64767999,5000,124,traced_file,141,141
64871999,5000,125,traced_file,0,11
64888999,4000,126,traced_file,11,11
64952999,5000,127,traced_file,0,11
64970999,4000,128,traced_file,11,11
65033999,5000,129,traced_file,0,11
65050999,4000,130,traced_file,11,11
65112999,5000,131,traced_file,0,11
65137999,4000,132,traced_file,11,11
65391999,7000,133,traced_file,0,128
65411999,4000,134,traced_file,128,141
65429999,4000,135,traced_file,141,141
65529999,5000,136,traced_file,0,11
65547999,4000,137,traced_file,11,11
65611999,5000,138,traced_file,0,11
65628999,4000,139,traced_file,11,11
65691999,5000,140,traced_file,0,11
65708999,4000,141,traced_file,11,11
65770999,5000,142,traced_file,0,11
65788999,4000,143,traced_file,11,11
65873999,6000,144,traced_file,0,128
65891999,5000,145,traced_file,128,141
65908999,4000,146,traced_file,141,141
66007999,5000,147,traced_file,0,11
66025999,4000,148,traced_file,11,11
66088999,5000,149,traced_file,0,11
66106999,4000,150,traced_file,11,11
66170999,5000,151,traced_file,0,11
66187999,4000,152,traced_file,11,11
66251999,5000,153,traced_file,0,11
66269999,4000,154,traced_file,11,11
68745999,8000,155,traced_file,0,128
68769999,5000,156,traced_file,128,141
68788999,4000,157,traced_file,141,141
68893999,6000,158,traced_file,0,11
68911999,4000,159,traced_file,11,11
68976999,5000,160,traced_file,0,11
68993999,4000,161,traced_file,11,11
69056999,5000,162,traced_file,0,11
69074999,4000,163,traced_file,11,11
69136999,5000,164,traced_file,0,11
69154999,4000,165,traced_file,11,11
69240999,6000,166,traced_file,0,128
69258999,5000,167,traced_file,128,141
69276999,4000,168,traced_file,141,141
69388999,5000,169,traced_file,0,11
69407999,4000,170,traced_file,11,11
69471999,5000,171,traced_file,0,11
69489999,4000,172,traced_file,11,11
69551999,5000,173,traced_file,0,11
69568999,4000,174,traced_file,11,11
69631999,5000,175,traced_file,0,11
69649999,4000,176,traced_file,11,11
69897999,6000,177,traced_file,0,128
69917999,5000,178,traced_file,128,141
69934999,4000,179,traced_file,141,141
70036999,5000,180,traced_file,0,11
70054999,4000,181,traced_file,11,11
70117999,5000,182,traced_file,0,11
70134999,5000,183,traced_file,11,11
70196999,5000,184,traced_file,0,11
70213999,5000,185,traced_file,11,11
70276999,5000,186,traced_file,0,11
70293999,4000,187,traced_file,11,11
70391999,6000,188,traced_file,0,128
70410999,4000,189,traced_file,128,141
70427999,4000,190,traced_file,141,141
70526999,5000,191,traced_file,0,11
70543999,4000,192,traced_file,11,11
70607999,5000,193,traced_file,0,11
70624999,4000,194,traced_file,11,11
70687999,5000,195,traced_file,0,11
70705999,4000,196,traced_file,11,11
70767999,5000,197,traced_file,0,11
70784999,4000,198,traced_file,11,11
77183999,9000,199,traced_file,0,128
77210999,5000,200,traced_file,128,141
77229999,4000,201,traced_file,141,141
77339999,6000,202,traced_file,0,11
77364999,5000,203,traced_file,11,11
77432999,5000,204,traced_file,0,11
77450999,4000,205,traced_file,11,11
77515999,5000,206,traced_file,0,11
77533999,4000,207,traced_file,11,11
77597999,5000,208,traced_file,0,11
77615999,4000,209,traced_file,11,11
77703999,6000,210,traced_file,0,128
77722999,4000,211,traced_file,128,141
77739999,4000,212,traced_file,141,141
77839999,5000,213,traced_file,0,11
77856999,4000,214,traced_file,11,11
77920999,5000,215,traced_file,0,11
77938999,4000,216,traced_file,11,11
78001999,5000,217,traced_file,0,11
78019999,4000,218,traced_file,11,11
78082999,5000,219,traced_file,0,11
78099999,4000,220,traced_file,11,11
84435999,48000,221,traced_file,0,128
84515999,5000,222,traced_file,128,141
84538999,5000,223,traced_file,141,141
84654999,6000,224,traced_file,0,11
84672999,4000,225,traced_file,11,11
84739999,5000,226,traced_file,0,11
84756999,4000,227,traced_file,11,11
84821999,5000,228,traced_file,0,11
84838999,4000,229,traced_file,11,11
84901999,5000,230,traced_file,0,11
84917999,4000,231,traced_file,11,11
85005999,6000,232,traced_file,0,128
85024999,5000,233,traced_file,128,141
85041999,4000,234,traced_file,141,141
85142999,5000,235,traced_file,0,11
85159999,4000,236,traced_file,11,11
85222999,5000,237,traced_file,0,11
85239999,4000,238,traced_file,11,11
85303999,5000,239,traced_file,0,11
85320999,4000,240,traced_file,11,11
85391999,5000,241,traced_file,0,11
85409999,4000,242,traced_file,11,11
85634999,6000,243,traced_file,0,128
85653999,4000,244,traced_file,128,141
85670999,4000,245,traced_file,141,141
85771999,5000,246,traced_file,0,11
85789999,4000,247,traced_file,11,11
85852999,5000,248,traced_file,0,11
85869999,4000,249,traced_file,11,11
85931999,5000,250,traced_file,0,11
85948999,4000,251,traced_file,11,11
86011999,5000,252,traced_file,0,11
86029999,4000,253,traced_file,11,11
86113999,6000,254,traced_file,0,128
86131999,4000,255,traced_file,128,141
86148999,4000,256,traced_file,141,141
86248999,5000,257,traced_file,0,11
86265999,4000,258,traced_file,11,11
86327999,5000,259,traced_file,0,11
86344999,6000,260,traced_file,11,11
86411999,5000,261,traced_file,0,11
86428999,4000,262,traced_file,11,11
86491999,5000,263,traced_file,0,11
86508999,4000,264,traced_file,11,11
87182999,7000,265,traced_file,0,128
87209999,4000,266,traced_file,128,141
87227999,4000,267,traced_file,141,141
87329999,5000,268,traced_file,0,11
87347999,6000,269,traced_file,11,11
87414999,5000,270,traced_file,0,11
87432999,4000,271,traced_file,11,11
87494999,5000,272,traced_file,0,11
87511999,4000,273,traced_file,11,11
87573999,5000,274,traced_file,0,11
87590999,4000,275,traced_file,11,11
87675999,6000,276,traced_file,0,128
87693999,4000,277,traced_file,128,141
87709999,4000,278,traced_file,141,141
87809999,5000,279,traced_file,0,11
87826999,4000,280,traced_file,11,11
87891999,5000,281,traced_file,0,11
87908999,4000,282,traced_file,11,11
87972999,5000,283,traced_file,0,11
87989999,4000,284,traced_file,11,11
88051999,5000,285,traced_file,0,11
88068999,4000,286,traced_file,11,11
88280999,7000,287,traced_file,0,128
88299999,4000,288,traced_file,128,141
88316999,4000,289,traced_file,141,141
88426999,5000,290,traced_file,0,11
88444999,4000,291,traced_file,11,11
88508999,5000,292,traced_file,0,11
88525999,4000,293,traced_file,11,11
88588999,5000,294,traced_file,0,11
88605999,4000,295,traced_file,11,11
88668999,5000,296,traced_file,0,11
88685999,4000,297,traced_file,11,11
88770999,6000,298,traced_file,0,128
88788999,4000,299,traced_file,128,141
88805999,4000,300,traced_file,141,141
88905999,5000,301,traced_file,0,11
88922999,4000,302,traced_file,11,11
88986999,5000,303,traced_file,0,11
89003999,4000,304,traced_file,11,11
89065999,5000,305,traced_file,0,11
89082999,4000,306,traced_file,11,11
89145999,5000,307,traced_file,0,11
89163999,4000,308,traced_file,11,11
89584999,7000,309,traced_file,0,128
89604999,4000,310,traced_file,128,141
89625999,4000,311,traced_file,141,141
89727999,5000,312,traced_file,0,11
89745999,4000,313,traced_file,11,11
89809999,5000,314,traced_file,0,11
89826999,4000,315,traced_file,11,11
89889999,5000,316,traced_file,0,11
89906999,4000,317,traced_file,11,11
89970999,5000,318,traced_file,0,11
89987999,4000,319,traced_file,11,11
90071999,6000,320,traced_file,0,128
90089999,4000,321,traced_file,128,141
90106999,4000,322,traced_file,141,141
90207999,5000,323,traced_file,0,11
90224999,4000,324,traced_file,11,11
90286999,5000,325,traced_file,0,11
90303999,4000,326,traced_file,11,11
90370999,5000,327,traced_file,0,11
90388999,5000,328,traced_file,11,11
90452999,5000,329,traced_file,0,11
90469999,4000,330,traced_file,11,11
90676999,6000,331,traced_file,0,128
90694999,4000,332,traced_file,128,141
90711999,4000,333,traced_file,141,141
90812999,5000,334,traced_file,0,11
90829999,4000,335,traced_file,11,11
90894999,5000,336,traced_file,0,11
90913000,4000,337,traced_file,11,11
90974999,5000,338,traced_file,0,11
90991999,4000,339,traced_file,11,11
91054999,5000,340,traced_file,0,11
91071999,4000,341,traced_file,11,11
91156999,6000,342,traced_file,0,128
91174999,4000,343,traced_file,128,141
91191999,4000,344,traced_file,141,141
91289999,5000,345,traced_file,0,11
91306999,4000,346,traced_file,11,11
91373999,5000,347,traced_file,0,11
91391999,4000,348,traced_file,11,11
91453999,5000,349,traced_file,0,11
91470999,4000,350,traced_file,11,11
91533999,5000,351,traced_file,0,11
91550999,4000,352,traced_file,11,11
91804999,6000,353,traced_file,0,128
91822999,4000,354,traced_file,128,141
91839999,4000,355,traced_file,141,141
91946999,5000,356,traced_file,0,11
91963999,4000,357,traced_file,11,11
92026999,5000,358,traced_file,0,11
92043999,4000,359,traced_file,11,11
92106999,5000,360,traced_file,0,11
92124999,4000,361,traced_file,11,11
92185999,5000,362,traced_file,0,11
92202999,4000,363,traced_file,11,11
92287999,6000,364,traced_file,0,128
92305999,4000,365,traced_file,128,141
92321999,4000,366,traced_file,141,141
92425999,5000,367,traced_file,0,11
92442999,4000,368,traced_file,11,11
92506999,5000,369,traced_file,0,11
92523999,4000,370,traced_file,11,11
92585999,5000,371,traced_file,0,11
92602999,4000,372,traced_file,11,11
92664999,5000,373,traced_file,0,11
92680999,4000,374,traced_file,11,11
97517999,89000,375,traced_file,3136551574,3136555670
97860999,82000,376,traced_file,3136533824,3136551574
100711999,78000,377,traced_file,1887167744,1887171652
101208000,112000,378,traced_file,36110016,36113924
101338999,90000,379,traced_file,1290776000,1290779908
101361999,78000,380,traced_file,1259691584,1259695492
101487999,76000,381,traced_file,2608098752,2608102660
101493999,92000,382,traced_file,1352944832,1352948740
101471999,120000,383,traced_file,663324032,663327940
101603999,74000,384,traced_file,1321860416,1321864324
101731999,83000,385,traced_file,2011505408,2011509316
102491999,83000,386,traced_file,1384029248,1384033156
102470999,115000,387,traced_file,632239616,632243524
102602999,78000,388,traced_file,1949336576,1949340484
102611999,100000,389,traced_file,129363264,129367172
102731999,76000,390,traced_file,2104758656,2104762564
102724999,88000,391,traced_file,1477282496,1477286404
102756999,107000,392,traced_file,725492864,725496772
103279999,78000,393,traced_file,1980420992,1980424900
103404999,74000,394,traced_file,2073674240,2073678148
103382999,124000,395,traced_file,787661696,787665604
103410999,138000,396,traced_file,818746112,818750020
103540999,88000,397,traced_file,2732436416,2732440324
103525999,112000,398,traced_file,67194432,67198340
103648999,79000,399,traced_file,1446198080,1446201988
103784999,105000,400,traced_file,253700928,253704836
103775999,121000,401,traced_file,849830528,849834436
103871999,68000,402,traced_file,2042589824,2042593732
104022999,77000,403,traced_file,2514845504,2514849412
104035999,77000,404,traced_file,2639183168,2639187076
104184999,76000,405,traced_file,1539451328,1539455236
104281999,97000,406,traced_file,191532096,191536004
104315999,79000,407,traced_file,2763520832,2763524740
104440999,119000,408,traced_file,284785344,284789252
104455999,156000,409,traced_file,880914944,880918852
104676999,74000,410,traced_file,1508366912,1508370820
104771999,104000,411,traced_file,911999360,912003268
104796999,128000,412,traced_file,160447680,160451588
104919999,81000,413,traced_file,2856774080,2856777988
104968999,82000,414,traced_file,2260180736,2260184644
105037999,94000,415,traced_file,2794605248,2794609156
105068999,92000,416,traced_file,1415113664,1415117572
105212999,72000,417,traced_file,2229096320,2229100228
105255999,76000,418,traced_file,2198011904,2198015812
105272999,91000,419,traced_file,2545929920,2545933828
105324999,84000,420,traced_file,2825689664,2825693572
105348999,80000,421,traced_file,1036337024,1036340932
105392999,76000,422,traced_file,943083776,943087684
105456999,68000,423,traced_file,2322349568,2322353476
105962999,77000,424,traced_file,1632704576,1632708484
105928999,121000,425,traced_file,378038592,378042500
105983999,85000,426,traced_file,2981111744,2981115652
105948999,132000,427,traced_file,5025600,5029508
106259999,72000,428,traced_file,1694873408,1694877316
106393999,74000,429,traced_file,1098505856,1098509764
106404999,115000,430,traced_file,98278848,98282756
106510999,85000,431,traced_file,2384518400,2384522308
106652999,77000,432,traced_file,2701352000,2701355908
106749999,121000,433,traced_file,409123008,409126916
107191999,76000,434,traced_file,2918942912,2918946820
107286999,75000,435,traced_file,2291265152,2291269060
107321999,76000,436,traced_file,1601620160,1601624068
107338999,71000,437,traced_file,1725957824,1725961732
107348999,107000,438,traced_file,694408448,694412356
107389999,86000,439,traced_file,2353433984,2353437892
107382999,113000,440,traced_file,471291840,471295748
107421999,82000,441,traced_file,1005252608,1005256516
107679999,74000,442,traced_file,2166927488,2166931396
107749999,85000,443,traced_file,2477771648,2477775556
107723999,119000,444,traced_file,756577280,756581188
107819999,106000,445,traced_file,564545088,564548996
107945999,74000,446,traced_file,1819211072,1819214980
107969999,109000,447,traced_file,222616512,222620420
108067999,101000,448,traced_file,3074364992,3074368900
108035999,156000,449,traced_file,595629504,595633412
108159999,89000,450,traced_file,974168192,974172100
108167999,96000,451,traced_file,1191759104,1191763012
108203999,100000,452,traced_file,1067421440,1067425348
108339999,81000,453,traced_file,2446687232,2446691140
108392999,79000,454,traced_file,1918252160,1918256068
108491999,85000,455,traced_file,2415602816,2415606724
108523999,92000,456,traced_file,2887858496,2887862404
108549999,90000,457,traced_file,3043280576,3043284484
108519999,125000,458,traced_file,502376256,502380164
108584999,81000,459,traced_file,1757042240,1757046148
108608999,80000,460,traced_file,1663788992,1663792900
108614999,85000,461,traced_file,3012196160,3012200068
108622999,81000,462,traced_file,2670267584,2670271492
108663999,112000,463,traced_file,346954176,346958084
108815999,98000,464,traced_file,1570535744,1570539652
108845999,122000,465,traced_file,1850295488,1850299396
109034999,143000,466,traced_file,440207424,440211332
109330999,80000,467,traced_file,2950027328,2950031236
109334999,85000,468,traced_file,3105449408,3105453316
109381999,81000,469,traced_file,1160674688,1160678596
109438999,70000,470,traced_file,1788126656,1788130564
109495999,100000,471,traced_file,533460672,533464580
109573999,84000,472,traced_file,2135843072,2135846980
109630999,73000,473,traced_file,1222843520,1222847428
110256999,108000,474,traced_file,315869760,315873668
110292999,90000,475,traced_file,2577014336,2577018244
110356999,77000,476,traced_file,1129590272,1129594180
130535999,81873000,477,traced_file,564549056,580087264
130491999,83513000,478,traced_file,440211392,455749600
131140999,83255000,479,traced_file,502380224,517918432
131440999,83557000,480,traced_file,471295808,486834016
131210999,84122000,481,traced_file,533464640,549002848
131330999,84256000,482,traced_file,315873728,331411936
130874999,84903000,483,traced_file,346958144,362496352
130602999,86149000,484,traced_file,409126976,424665184
131032999,85926000,485,traced_file,378042560,393580768
130640999,86749000,486,traced_file,595633472,611171680
130757999,88201000,487,traced_file,191536064,207074272
131432999,88522000,488,traced_file,36113984,51652192
131180999,89191000,489,traced_file,98282816,113821024
130925999,89948000,490,traced_file,222620480,238158688
131404999,90839000,491,traced_file,253704896,269243104
131302999,91822000,492,traced_file,67198400,82736608
131087999,92439000,493,traced_file,160451648,175989856
130963999,95055000,494,traced_file,129367232,144905440
131002999,98851000,495,traced_file,284789312,300327520
131415999,108556000,496,traced_file,5029568,20567776
297596999,20000,497,traced_file,0,1
217137999,279159000,498,traced_file,1539455296,1554993504
217210999,283522000,499,traced_file,1222847488,1238385696
217030999,284248000,500,traced_file,725496832,741035040
218713999,282959000,501,traced_file,2353437952,2368976160
216270999,285689000,502,traced_file,2446691200,2462229408
217795999,284769000,503,traced_file,2166931456,2182469664
217052999,285837000,504,traced_file,1259695552,1275233760
217497999,286038000,505,traced_file,1663792960,1679331168
216671999,287035000,506,traced_file,1850299456,1865837664
216927999,286881000,507,traced_file,787665664,803203872
216842999,286984000,508,traced_file,1788130624,1803668832
216398999,287536000,509,traced_file,632243584,647781792
218891999,285526000,510,traced_file,1160678656,1176216864
217164999,287330000,511,traced_file,1508370880,1523909088
217824999,286931000,512,traced_file,1757046208,1772584416
219855999,284920000,513,traced_file,1601624128,1617162336
216749999,288195000,514,traced_file,1129594240,1145132448
217108999,288134000,515,traced_file,1036340992,1051879200
216633999,288835000,516,traced_file,1067425408,1082963616
216465999,289203000,517,traced_file,1446202048,1461740256
217377999,289301000,518,traced_file,2260184704,2275722912
218529999,288788000,519,traced_file,943087744,958625952
217017999,290310000,520,traced_file,1819215040,1834753248
218916999,288643000,521,traced_file,1570539712,1586077920
218330999,289294000,522,traced_file,694412416,709950624
217411999,290685000,523,traced_file,818750080,834288288
217680999,290501000,524,traced_file,1005256576,1020794784
221344999,286986000,525,traced_file,2135847040,2151385248
217642999,290856000,526,traced_file,663328000,678866208
217881999,290637000,527,traced_file,1191763072,1207301280
217421999,292056000,528,traced_file,1632708544,1648246752
223235999,286370000,529,traced_file,2415606784,2431144992
219869999,290444000,530,traced_file,1352948800,1368487008
217538999,292942000,531,traced_file,1725961792,1741500000
217763999,292842000,532,traced_file,1384033216,1399571424
221536999,289186000,533,traced_file,2229100288,2244638496
221891999,289172000,534,traced_file,1887171712,1902709920
220756999,291004000,535,traced_file,1477286464,1492824672
220548999,292363000,536,traced_file,2198015872,2213554080
221283999,291745000,537,traced_file,1949340544,1964878752
217522999,295528000,538,traced_file,1098509824,1114048032
217729999,295461000,539,traced_file,1694877376,1710415584
221501999,291725000,540,traced_file,2291269120,2306807328
221578999,291670000,541,traced_file,2384522368,2400060576
218336999,295037000,542,traced_file,2042593792,2058132000
218737999,294961000,543,traced_file,1918256128,1933794336
220041999,294066000,544,traced_file,2011509376,2027047584
218115999,296197000,545,traced_file,1415117632,1430655840
219145999,295414000,546,traced_file,1290779968,1306318176
219623999,295208000,547,traced_file,756581248,772119456
221566999,293361000,548,traced_file,1980424960,1995963168
219187999,296512000,549,traced_file,1321864384,1337402592
222387999,293568000,550,traced_file,2073678208,2089216416
223663999,292465000,551,traced_file,3074368960,3089907168
220745999,295602000,552,traced_file,974172160,989710368
220787999,295843000,553,traced_file,2477775616,2493313824
221514999,295259000,554,traced_file,2104762624,2120300832
221792999,295134000,555,traced_file,2322353536,2337891744
218305999,298674000,556,traced_file,849834496,865372704
226183999,290799000,557,traced_file,2732440384,2747978592
230021999,288439000,558,traced_file,3105453376,3120991584
219651999,298865000,559,traced_file,880918912,896457120
220371999,298972000,560,traced_file,912003328,927541536
240244999,284371000,561,traced_file,2701355968,2716894176
503930999,87575000,562,traced_file,2545933888,2561472096
496536999,95121000,563,traced_file,2981115712,2996653920
503643999,89180000,564,traced_file,2918946880,2934485088
502979999,90036000,565,traced_file,2577018304,2592556512
504596999,89265000,566,traced_file,2514849472,2530387680
503807999,90115000,567,traced_file,3012200128,3027738336
504916999,89144000,568,traced_file,2794609216,2810147424
504074999,90080000,569,traced_file,2887862464,2903400672
502073999,92193000,570,traced_file,2639187136,2654725344
504891999,89916000,571,traced_file,2763524800,2779063008
500900999,93982000,572,traced_file,3043284544,3058822752
501395999,93522000,573,traced_file,2670271552,2685809760
504519999,90425000,574,traced_file,2950031296,2965569504
501792999,93327000,575,traced_file,2608102720,2623640928
503967999,91294000,576,traced_file,2825693632,2841231840
502673999,93449000,577,traced_file,2856778048,2872316256
