3730763276,53595358,0,row-group-parallelism/test.lance/data/092ed846-6607-4bc4-8ff3-f4f2f1762480.lance,3136490134,3136555670
3788179570,56865817,0,row-group-parallelism/test.lance/data/092ed846-6607-4bc4-8ff3-f4f2f1762480.lance,632239616,632243524
3789621640,57699876,0,row-group-parallelism/test.lance/data/092ed846-6607-4bc4-8ff3-f4f2f1762480.lance,1415113664,1415117572
3790575219,59032544,0,row-group-parallelism/test.lance/data/092ed846-6607-4bc4-8ff3-f4f2f1762480.lance,222616512,222620420
3791745358,60391841,0,row-group-parallelism/test.lance/data/092ed846-6607-4bc4-8ff3-f4f2f1762480.lance,1290776000,1290779908
3792975002,60993132,0,row-group-parallelism/test.lance/data/092ed846-6607-4bc4-8ff3-f4f2f1762480.lance,2732436416,2732440324
3793222671,61891293,0,row-group-parallelism/test.lance/data/092ed846-6607-4bc4-8ff3-f4f2f1762480.lance,2608098752,2608102660
3793531894,62078287,0,row-group-parallelism/test.lance/data/092ed846-6607-4bc4-8ff3-f4f2f1762480.lance,1446198080,1446201988
3793709309,61792810,0,row-group-parallelism/test.lance/data/092ed846-6607-4bc4-8ff3-f4f2f1762480.lance,253700928,253704836
3794645411,63370768,0,row-group-parallelism/test.lance/data/092ed846-6607-4bc4-8ff3-f4f2f1762480.lance,1887167744,1887171652
3795213652,62739961,0,row-group-parallelism/test.lance/data/092ed846-6607-4bc4-8ff3-f4f2f1762480.lance,378038592,378042500
3796024477,64617658,0,row-group-parallelism/test.lance/data/092ed846-6607-4bc4-8ff3-f4f2f1762480.lance,129363264,129367172
3797247686,65770263,0,row-group-parallelism/test.lance/data/092ed846-6607-4bc4-8ff3-f4f2f1762480.lance,911999360,912003268
3800156576,68474778,0,row-group-parallelism/test.lance/data/092ed846-6607-4bc4-8ff3-f4f2f1762480.lance,2104758656,2104762564
3800923723,69595131,0,row-group-parallelism/test.lance/data/092ed846-6607-4bc4-8ff3-f4f2f1762480.lance,2545929920,2545933828
3801307517,70011601,0,row-group-parallelism/test.lance/data/092ed846-6607-4bc4-8ff3-f4f2f1762480.lance,36110016,36113924
3804202042,71629020,0,row-group-parallelism/test.lance/data/092ed846-6607-4bc4-8ff3-f4f2f1762480.lance,943083776,943087684
3804600828,71904976,0,row-group-parallelism/test.lance/data/092ed846-6607-4bc4-8ff3-f4f2f1762480.lance,1036337024,1036340932
3807922336,76433290,0,row-group-parallelism/test.lance/data/092ed846-6607-4bc4-8ff3-f4f2f1762480.lance,2639183168,2639187076
3808412185,76986492,0,row-group-parallelism/test.lance/data/092ed846-6607-4bc4-8ff3-f4f2f1762480.lance,787661696,787665604
3808763924,76415788,0,row-group-parallelism/test.lance/data/092ed846-6607-4bc4-8ff3-f4f2f1762480.lance,2825689664,2825693572
3810684344,79216967,0,row-group-parallelism/test.lance/data/092ed846-6607-4bc4-8ff3-f4f2f1762480.lance,2794605248,2794609156
3810704422,79167685,0,row-group-parallelism/test.lance/data/092ed846-6607-4bc4-8ff3-f4f2f1762480.lance,2198011904,2198015812
3811295417,79203599,0,row-group-parallelism/test.lance/data/092ed846-6607-4bc4-8ff3-f4f2f1762480.lance,1570535744,1570539652
3813147580,81782280,0,row-group-parallelism/test.lance/data/092ed846-6607-4bc4-8ff3-f4f2f1762480.lance,1980420992,1980424900
3813524684,82181151,0,row-group-parallelism/test.lance/data/092ed846-6607-4bc4-8ff3-f4f2f1762480.lance,67194432,67198340
3814438778,82897073,0,row-group-parallelism/test.lance/data/092ed846-6607-4bc4-8ff3-f4f2f1762480.lance,284785344,284789252
3815505020,84228539,0,row-group-parallelism/test.lance/data/092ed846-6607-4bc4-8ff3-f4f2f1762480.lance,1259691584,1259695492
3817876979,85573754,0,row-group-parallelism/test.lance/data/092ed846-6607-4bc4-8ff3-f4f2f1762480.lance,2229096320,2229100228
3818135562,86647542,0,row-group-parallelism/test.lance/data/092ed846-6607-4bc4-8ff3-f4f2f1762480.lance,2135843072,2135846980
3818509235,87142666,0,row-group-parallelism/test.lance/data/092ed846-6607-4bc4-8ff3-f4f2f1762480.lance,694408448,694412356
3819843123,88430869,0,row-group-parallelism/test.lance/data/092ed846-6607-4bc4-8ff3-f4f2f1762480.lance,1384029248,1384033156
3820385460,89032396,0,row-group-parallelism/test.lance/data/092ed846-6607-4bc4-8ff3-f4f2f1762480.lance,663324032,663327940
3820537591,89164134,0,row-group-parallelism/test.lance/data/092ed846-6607-4bc4-8ff3-f4f2f1762480.lance,98278848,98282756
3820898636,89568331,0,row-group-parallelism/test.lance/data/092ed846-6607-4bc4-8ff3-f4f2f1762480.lance,1352944832,1352948740
3821995092,90569523,0,row-group-parallelism/test.lance/data/092ed846-6607-4bc4-8ff3-f4f2f1762480.lance,818746112,818750020
3822175272,90614794,0,row-group-parallelism/test.lance/data/092ed846-6607-4bc4-8ff3-f4f2f1762480.lance,1477282496,1477286404
3824799246,93350697,0,row-group-parallelism/test.lance/data/092ed846-6607-4bc4-8ff3-f4f2f1762480.lance,191532096,191536004
3825075715,93763874,0,row-group-parallelism/test.lance/data/092ed846-6607-4bc4-8ff3-f4f2f1762480.lance,1949336576,1949340484
3826119941,94322227,0,row-group-parallelism/test.lance/data/092ed846-6607-4bc4-8ff3-f4f2f1762480.lance,2042589824,2042593732
3826121873,94385302,0,row-group-parallelism/test.lance/data/092ed846-6607-4bc4-8ff3-f4f2f1762480.lance,880914944,880918852
3826369845,94336846,0,row-group-parallelism/test.lance/data/092ed846-6607-4bc4-8ff3-f4f2f1762480.lance,315869760,315873668
3826455360,95151910,0,row-group-parallelism/test.lance/data/092ed846-6607-4bc4-8ff3-f4f2f1762480.lance,2514845504,2514849412
3827266387,95019698,0,row-group-parallelism/test.lance/data/092ed846-6607-4bc4-8ff3-f4f2f1762480.lance,1601620160,1601624068
3828133992,96797069,0,row-group-parallelism/test.lance/data/092ed846-6607-4bc4-8ff3-f4f2f1762480.lance,1918252160,1918256068
3830733387,36073366,0,row-group-parallelism/test.lance/data/092ed846-6607-4bc4-8ff3-f4f2f1762480.lance,1222843520,1222847428
3831243333,99735036,0,row-group-parallelism/test.lance/data/092ed846-6607-4bc4-8ff3-f4f2f1762480.lance,756577280,756581188
3833978516,102539572,0,row-group-parallelism/test.lance/data/092ed846-6607-4bc4-8ff3-f4f2f1762480.lance,2073674240,2073678148
3834271657,102981292,0,row-group-parallelism/test.lance/data/092ed846-6607-4bc4-8ff3-f4f2f1762480.lance,5025600,5029508
3835615827,47415393,0,row-group-parallelism/test.lance/data/092ed846-6607-4bc4-8ff3-f4f2f1762480.lance,2291265152,2291269060
3835622256,104062441,0,row-group-parallelism/test.lance/data/092ed846-6607-4bc4-8ff3-f4f2f1762480.lance,2856774080,2856777988
3839478649,108098666,0,row-group-parallelism/test.lance/data/092ed846-6607-4bc4-8ff3-f4f2f1762480.lance,725492864,725496772
3841008102,109572853,0,row-group-parallelism/test.lance/data/092ed846-6607-4bc4-8ff3-f4f2f1762480.lance,2701352000,2701355908
3841810264,33878719,0,row-group-parallelism/test.lance/data/092ed846-6607-4bc4-8ff3-f4f2f1762480.lance,1160674688,1160678596
3842043905,52403725,0,row-group-parallelism/test.lance/data/092ed846-6607-4bc4-8ff3-f4f2f1762480.lance,409123008,409126916
3842802211,47573511,0,row-group-parallelism/test.lance/data/092ed846-6607-4bc4-8ff3-f4f2f1762480.lance,2446687232,2446691140
3843956330,112342842,0,row-group-parallelism/test.lance/data/092ed846-6607-4bc4-8ff3-f4f2f1762480.lance,160447680,160451588
3844463381,47200707,0,row-group-parallelism/test.lance/data/092ed846-6607-4bc4-8ff3-f4f2f1762480.lance,1819211072,1819214980
3845049671,113523433,0,row-group-parallelism/test.lance/data/092ed846-6607-4bc4-8ff3-f4f2f1762480.lance,2763520832,2763524740
3845577644,51852472,0,row-group-parallelism/test.lance/data/092ed846-6607-4bc4-8ff3-f4f2f1762480.lance,1850295488,1850299396
3848171758,56410865,0,row-group-parallelism/test.lance/data/092ed846-6607-4bc4-8ff3-f4f2f1762480.lance,2353433984,2353437892
3851459892,120018252,0,row-group-parallelism/test.lance/data/092ed846-6607-4bc4-8ff3-f4f2f1762480.lance,2011505408,2011509316
3852150278,47933112,0,row-group-parallelism/test.lance/data/092ed846-6607-4bc4-8ff3-f4f2f1762480.lance,2415602816,2415606724
3855589505,42423988,0,row-group-parallelism/test.lance/data/092ed846-6607-4bc4-8ff3-f4f2f1762480.lance,502376256,502380164
3857319279,48540981,0,row-group-parallelism/test.lance/data/092ed846-6607-4bc4-8ff3-f4f2f1762480.lance,3012196160,3012200068
3857429035,64191281,0,row-group-parallelism/test.lance/data/092ed846-6607-4bc4-8ff3-f4f2f1762480.lance,3105449408,3105453316
3857865325,126311945,0,row-group-parallelism/test.lance/data/092ed846-6607-4bc4-8ff3-f4f2f1762480.lance,849830528,849834436
3857889087,64898762,0,row-group-parallelism/test.lance/data/092ed846-6607-4bc4-8ff3-f4f2f1762480.lance,3074364992,3074368900
3860471401,40071506,0,row-group-parallelism/test.lance/data/092ed846-6607-4bc4-8ff3-f4f2f1762480.lance,1663788992,1663792900
3860719776,129304467,0,row-group-parallelism/test.lance/data/092ed846-6607-4bc4-8ff3-f4f2f1762480.lance,2670267584,2670271492
3860976921,42827769,0,row-group-parallelism/test.lance/data/092ed846-6607-4bc4-8ff3-f4f2f1762480.lance,2950027328,2950031236
3861722088,61549340,0,row-group-parallelism/test.lance/data/092ed846-6607-4bc4-8ff3-f4f2f1762480.lance,1191759104,1191763012
3862154421,71561903,0,row-group-parallelism/test.lance/data/092ed846-6607-4bc4-8ff3-f4f2f1762480.lance,440207424,440211332
3862457281,66417697,0,row-group-parallelism/test.lance/data/092ed846-6607-4bc4-8ff3-f4f2f1762480.lance,595629504,595633412
3863528725,45004301,0,row-group-parallelism/test.lance/data/092ed846-6607-4bc4-8ff3-f4f2f1762480.lance,2322349568,2322353476
3864333405,132879407,0,row-group-parallelism/test.lance/data/092ed846-6607-4bc4-8ff3-f4f2f1762480.lance,2166927488,2166931396
3864625957,43712989,0,row-group-parallelism/test.lance/data/092ed846-6607-4bc4-8ff3-f4f2f1762480.lance,2887858496,2887862404
3865826129,55111982,0,row-group-parallelism/test.lance/data/092ed846-6607-4bc4-8ff3-f4f2f1762480.lance,1757042240,1757046148
3866494877,134043546,0,row-group-parallelism/test.lance/data/092ed846-6607-4bc4-8ff3-f4f2f1762480.lance,974168192,974172100
3869041013,47030941,0,row-group-parallelism/test.lance/data/092ed846-6607-4bc4-8ff3-f4f2f1762480.lance,1005252608,1005256516
3870239091,69307322,0,row-group-parallelism/test.lance/data/092ed846-6607-4bc4-8ff3-f4f2f1762480.lance,564545088,564548996
3870757954,56304874,0,row-group-parallelism/test.lance/data/092ed846-6607-4bc4-8ff3-f4f2f1762480.lance,2981111744,2981115652
3870953197,66337196,0,row-group-parallelism/test.lance/data/092ed846-6607-4bc4-8ff3-f4f2f1762480.lance,1788126656,1788130564
3872330714,139798500,0,row-group-parallelism/test.lance/data/092ed846-6607-4bc4-8ff3-f4f2f1762480.lance,346954176,346958084
3873504131,53651764,0,row-group-parallelism/test.lance/data/092ed846-6607-4bc4-8ff3-f4f2f1762480.lance,1694873408,1694877316
3874747159,64046726,0,row-group-parallelism/test.lance/data/092ed846-6607-4bc4-8ff3-f4f2f1762480.lance,2384518400,2384522308
3875072599,57180957,0,row-group-parallelism/test.lance/data/092ed846-6607-4bc4-8ff3-f4f2f1762480.lance,471291840,471295748
3875484773,142794038,0,row-group-parallelism/test.lance/data/092ed846-6607-4bc4-8ff3-f4f2f1762480.lance,1632704576,1632708484
3876197719,64888039,0,row-group-parallelism/test.lance/data/092ed846-6607-4bc4-8ff3-f4f2f1762480.lance,1129590272,1129594180
3876887347,75565415,0,row-group-parallelism/test.lance/data/092ed846-6607-4bc4-8ff3-f4f2f1762480.lance,3043280576,3043284484
3878826658,63306825,0,row-group-parallelism/test.lance/data/092ed846-6607-4bc4-8ff3-f4f2f1762480.lance,1098505856,1098509764
3879716621,148350480,0,row-group-parallelism/test.lance/data/092ed846-6607-4bc4-8ff3-f4f2f1762480.lance,2577014336,2577018244
3880757823,148495513,0,row-group-parallelism/test.lance/data/092ed846-6607-4bc4-8ff3-f4f2f1762480.lance,2918942912,2918946820
3881272100,149811912,0,row-group-parallelism/test.lance/data/092ed846-6607-4bc4-8ff3-f4f2f1762480.lance,1539451328,1539455236
3884571056,71031499,0,row-group-parallelism/test.lance/data/092ed846-6607-4bc4-8ff3-f4f2f1762480.lance,1725957824,1725961732
3890988214,68797331,0,row-group-parallelism/test.lance/data/092ed846-6607-4bc4-8ff3-f4f2f1762480.lance,2260180736,2260184644
3895464135,74911505,0,row-group-parallelism/test.lance/data/092ed846-6607-4bc4-8ff3-f4f2f1762480.lance,1067421440,1067425348
3900087711,106540821,0,row-group-parallelism/test.lance/data/092ed846-6607-4bc4-8ff3-f4f2f1762480.lance,2477771648,2477775556
3900958201,169617383,0,row-group-parallelism/test.lance/data/092ed846-6607-4bc4-8ff3-f4f2f1762480.lance,1321860416,1321864324
3907825055,99399103,0,row-group-parallelism/test.lance/data/092ed846-6607-4bc4-8ff3-f4f2f1762480.lance,533460672,533464580
3928359303,196878209,0,row-group-parallelism/test.lance/data/092ed846-6607-4bc4-8ff3-f4f2f1762480.lance,1508366912,1508370820
4090630174,156687884,0,row-group-parallelism/test.lance/data/092ed846-6607-4bc4-8ff3-f4f2f1762480.lance,595633472,611171680
4093001882,159055601,0,row-group-parallelism/test.lance/data/092ed846-6607-4bc4-8ff3-f4f2f1762480.lance,564549056,580087264
4113518594,156474835,0,row-group-parallelism/test.lance/data/092ed846-6607-4bc4-8ff3-f4f2f1762480.lance,1384033216,1399571424
4114039287,156984312,0,row-group-parallelism/test.lance/data/092ed846-6607-4bc4-8ff3-f4f2f1762480.lance,974172160,989710368
4114204099,157211335,0,row-group-parallelism/test.lance/data/092ed846-6607-4bc4-8ff3-f4f2f1762480.lance,1918256128,1933794336
4114253835,157287129,0,row-group-parallelism/test.lance/data/092ed846-6607-4bc4-8ff3-f4f2f1762480.lance,1222847488,1238385696
4114256781,157238219,0,row-group-parallelism/test.lance/data/092ed846-6607-4bc4-8ff3-f4f2f1762480.lance,1415117632,1430655840
4114710993,157687143,0,row-group-parallelism/test.lance/data/092ed846-6607-4bc4-8ff3-f4f2f1762480.lance,1694877376,1710415584
4114780172,157740187,0,row-group-parallelism/test.lance/data/092ed846-6607-4bc4-8ff3-f4f2f1762480.lance,1663792960,1679331168
4114845612,157850940,0,row-group-parallelism/test.lance/data/092ed846-6607-4bc4-8ff3-f4f2f1762480.lance,1477286464,1492824672
4115072140,158065878,0,row-group-parallelism/test.lance/data/092ed846-6607-4bc4-8ff3-f4f2f1762480.lance,943087744,958625952
4115079064,158056806,0,row-group-parallelism/test.lance/data/092ed846-6607-4bc4-8ff3-f4f2f1762480.lance,1632708544,1648246752
4115316610,158369327,0,row-group-parallelism/test.lance/data/092ed846-6607-4bc4-8ff3-f4f2f1762480.lance,1980424960,1995963168
4115556555,158506907,0,row-group-parallelism/test.lance/data/092ed846-6607-4bc4-8ff3-f4f2f1762480.lance,1446202048,1461740256
4117874893,160848690,0,row-group-parallelism/test.lance/data/092ed846-6607-4bc4-8ff3-f4f2f1762480.lance,1160678656,1176216864
4121825227,164842763,0,row-group-parallelism/test.lance/data/092ed846-6607-4bc4-8ff3-f4f2f1762480.lance,2198015872,2213554080
4123547953,166492741,0,row-group-parallelism/test.lance/data/092ed846-6607-4bc4-8ff3-f4f2f1762480.lance,1098509824,1114048032
4125624044,168605373,0,row-group-parallelism/test.lance/data/092ed846-6607-4bc4-8ff3-f4f2f1762480.lance,1539455296,1554993504
4129869882,195992159,0,row-group-parallelism/test.lance/data/092ed846-6607-4bc4-8ff3-f4f2f1762480.lance,5029568,20567776
4134228384,177229580,0,row-group-parallelism/test.lance/data/092ed846-6607-4bc4-8ff3-f4f2f1762480.lance,1819215040,1834753248
4137409046,203537335,0,row-group-parallelism/test.lance/data/092ed846-6607-4bc4-8ff3-f4f2f1762480.lance,160451648,175989856
4141966636,185001850,0,row-group-parallelism/test.lance/data/092ed846-6607-4bc4-8ff3-f4f2f1762480.lance,1788130624,1803668832
4142182056,185153083,0,row-group-parallelism/test.lance/data/092ed846-6607-4bc4-8ff3-f4f2f1762480.lance,912003328,927541536
4142879813,185826737,0,row-group-parallelism/test.lance/data/092ed846-6607-4bc4-8ff3-f4f2f1762480.lance,1508370880,1523909088
4143001313,185942862,0,row-group-parallelism/test.lance/data/092ed846-6607-4bc4-8ff3-f4f2f1762480.lance,663328000,678866208
4145391381,188374739,0,row-group-parallelism/test.lance/data/092ed846-6607-4bc4-8ff3-f4f2f1762480.lance,1570539712,1586077920
4147216164,190239893,0,row-group-parallelism/test.lance/data/092ed846-6607-4bc4-8ff3-f4f2f1762480.lance,1290779968,1306318176
4147459053,190523845,0,row-group-parallelism/test.lance/data/092ed846-6607-4bc4-8ff3-f4f2f1762480.lance,1067425408,1082963616
4151091910,194090805,0,row-group-parallelism/test.lance/data/092ed846-6607-4bc4-8ff3-f4f2f1762480.lance,1850299456,1865837664
4152062524,195104011,0,row-group-parallelism/test.lance/data/092ed846-6607-4bc4-8ff3-f4f2f1762480.lance,880918912,896457120
4152675181,195736452,0,row-group-parallelism/test.lance/data/092ed846-6607-4bc4-8ff3-f4f2f1762480.lance,632243584,647781792
4155471436,221598062,0,row-group-parallelism/test.lance/data/092ed846-6607-4bc4-8ff3-f4f2f1762480.lance,440211392,455749600
4155597181,198536792,0,row-group-parallelism/test.lance/data/092ed846-6607-4bc4-8ff3-f4f2f1762480.lance,756581248,772119456
4156443912,199407295,0,row-group-parallelism/test.lance/data/092ed846-6607-4bc4-8ff3-f4f2f1762480.lance,1321864384,1337402592
4157621450,200638650,0,row-group-parallelism/test.lance/data/092ed846-6607-4bc4-8ff3-f4f2f1762480.lance,2229100288,2244638496
4162726636,205773567,0,row-group-parallelism/test.lance/data/092ed846-6607-4bc4-8ff3-f4f2f1762480.lance,1725961792,1741500000
4163830198,229944913,0,row-group-parallelism/test.lance/data/092ed846-6607-4bc4-8ff3-f4f2f1762480.lance,191536064,207074272
4169794670,212847845,0,row-group-parallelism/test.lance/data/092ed846-6607-4bc4-8ff3-f4f2f1762480.lance,787665664,803203872
4173028149,239102058,0,row-group-parallelism/test.lance/data/092ed846-6607-4bc4-8ff3-f4f2f1762480.lance,471295808,486834016
4173044660,216022796,0,row-group-parallelism/test.lance/data/092ed846-6607-4bc4-8ff3-f4f2f1762480.lance,1191763072,1207301280
4177915925,244006427,0,row-group-parallelism/test.lance/data/092ed846-6607-4bc4-8ff3-f4f2f1762480.lance,98282816,113821024
4178398350,244446982,0,row-group-parallelism/test.lance/data/092ed846-6607-4bc4-8ff3-f4f2f1762480.lance,502380224,517918432
4179207203,222189615,0,row-group-parallelism/test.lance/data/092ed846-6607-4bc4-8ff3-f4f2f1762480.lance,1259695552,1275233760
4182273551,248343188,0,row-group-parallelism/test.lance/data/092ed846-6607-4bc4-8ff3-f4f2f1762480.lance,129367232,144905440
4183551223,226518674,0,row-group-parallelism/test.lance/data/092ed846-6607-4bc4-8ff3-f4f2f1762480.lance,1601624128,1617162336
4189194049,232223701,0,row-group-parallelism/test.lance/data/092ed846-6607-4bc4-8ff3-f4f2f1762480.lance,1036340992,1051879200
4191761732,234717566,0,row-group-parallelism/test.lance/data/092ed846-6607-4bc4-8ff3-f4f2f1762480.lance,849834496,865372704
4195567590,238550899,0,row-group-parallelism/test.lance/data/092ed846-6607-4bc4-8ff3-f4f2f1762480.lance,1129594240,1145132448
4195580913,238546327,0,row-group-parallelism/test.lance/data/092ed846-6607-4bc4-8ff3-f4f2f1762480.lance,725496832,741035040
4198419376,241364194,0,row-group-parallelism/test.lance/data/092ed846-6607-4bc4-8ff3-f4f2f1762480.lance,818750080,834288288
4205886357,271993091,0,row-group-parallelism/test.lance/data/092ed846-6607-4bc4-8ff3-f4f2f1762480.lance,284789312,300327520
4206706715,272744671,0,row-group-parallelism/test.lance/data/092ed846-6607-4bc4-8ff3-f4f2f1762480.lance,315873728,331411936
4209047124,275108199,0,row-group-parallelism/test.lance/data/092ed846-6607-4bc4-8ff3-f4f2f1762480.lance,253704896,269243104
4212076185,255066146,0,row-group-parallelism/test.lance/data/092ed846-6607-4bc4-8ff3-f4f2f1762480.lance,1352948800,1368487008
4218135740,284204699,0,row-group-parallelism/test.lance/data/092ed846-6607-4bc4-8ff3-f4f2f1762480.lance,36113984,51652192
4242254358,308329018,0,row-group-parallelism/test.lance/data/092ed846-6607-4bc4-8ff3-f4f2f1762480.lance,409126976,424665184
4264681889,330766446,0,row-group-parallelism/test.lance/data/092ed846-6607-4bc4-8ff3-f4f2f1762480.lance,533464640,549002848
4267108593,174092796,0,row-group-parallelism/test.lance/data/092ed846-6607-4bc4-8ff3-f4f2f1762480.lance,2260184704,2275722912
4269742935,179097541,0,row-group-parallelism/test.lance/data/092ed846-6607-4bc4-8ff3-f4f2f1762480.lance,2477775616,2493313824
4271370321,157156549,0,row-group-parallelism/test.lance/data/092ed846-6607-4bc4-8ff3-f4f2f1762480.lance,1949340544,1964878752
4272376992,157586744,0,row-group-parallelism/test.lance/data/092ed846-6607-4bc4-8ff3-f4f2f1762480.lance,2166931456,2182469664
4272701522,338800444,0,row-group-parallelism/test.lance/data/092ed846-6607-4bc4-8ff3-f4f2f1762480.lance,222620480,238158688
4273973246,158647634,0,row-group-parallelism/test.lance/data/092ed846-6607-4bc4-8ff3-f4f2f1762480.lance,1887171712,1902709920
4274283322,340330192,0,row-group-parallelism/test.lance/data/092ed846-6607-4bc4-8ff3-f4f2f1762480.lance,67198400,82736608
4274790044,156905664,0,row-group-parallelism/test.lance/data/092ed846-6607-4bc4-8ff3-f4f2f1762480.lance,2073678208,2089216416
4274876061,159787087,0,row-group-parallelism/test.lance/data/092ed846-6607-4bc4-8ff3-f4f2f1762480.lance,2322353536,2337891744
4275437865,161905341,0,row-group-parallelism/test.lance/data/092ed846-6607-4bc4-8ff3-f4f2f1762480.lance,2353437952,2368976160
4279681483,165417458,0,row-group-parallelism/test.lance/data/092ed846-6607-4bc4-8ff3-f4f2f1762480.lance,2135847040,2151385248
4280186642,165331379,0,row-group-parallelism/test.lance/data/092ed846-6607-4bc4-8ff3-f4f2f1762480.lance,2011509376,2027047584
4284317930,158680657,0,row-group-parallelism/test.lance/data/092ed846-6607-4bc4-8ff3-f4f2f1762480.lance,2732440384,2747978592
4285956866,171233015,0,row-group-parallelism/test.lance/data/092ed846-6607-4bc4-8ff3-f4f2f1762480.lance,2042593792,2058132000
4293986219,179936661,0,row-group-parallelism/test.lance/data/092ed846-6607-4bc4-8ff3-f4f2f1762480.lance,2291269120,2306807328
4296346568,182077852,0,row-group-parallelism/test.lance/data/092ed846-6607-4bc4-8ff3-f4f2f1762480.lance,2446691200,2462229408
4298037921,176201063,0,row-group-parallelism/test.lance/data/092ed846-6607-4bc4-8ff3-f4f2f1762480.lance,2415606784,2431144992
4300724725,157714039,0,row-group-parallelism/test.lance/data/092ed846-6607-4bc4-8ff3-f4f2f1762480.lance,2639187136,2654725344
4303099369,168859059,0,row-group-parallelism/test.lance/data/092ed846-6607-4bc4-8ff3-f4f2f1762480.lance,2701355968,2716894176
4303105735,160215549,0,row-group-parallelism/test.lance/data/092ed846-6607-4bc4-8ff3-f4f2f1762480.lance,2608102720,2623640928
4309785918,157711018,0,row-group-parallelism/test.lance/data/092ed846-6607-4bc4-8ff3-f4f2f1762480.lance,2545933888,2561472096
4313730169,198165972,0,row-group-parallelism/test.lance/data/092ed846-6607-4bc4-8ff3-f4f2f1762480.lance,2104762624,2120300832
4314902213,357843471,0,row-group-parallelism/test.lance/data/092ed846-6607-4bc4-8ff3-f4f2f1762480.lance,694412416,709950624
4317985780,175797309,0,row-group-parallelism/test.lance/data/092ed846-6607-4bc4-8ff3-f4f2f1762480.lance,2670271552,2685809760
4323098136,166643916,0,row-group-parallelism/test.lance/data/092ed846-6607-4bc4-8ff3-f4f2f1762480.lance,2514849472,2530387680
4326992343,169360590,0,row-group-parallelism/test.lance/data/092ed846-6607-4bc4-8ff3-f4f2f1762480.lance,2763524800,2779063008
4327093581,171606386,0,row-group-parallelism/test.lance/data/092ed846-6607-4bc4-8ff3-f4f2f1762480.lance,2887862464,2903400672
4330364247,184961507,0,row-group-parallelism/test.lance/data/092ed846-6607-4bc4-8ff3-f4f2f1762480.lance,2856778048,2872316256
4337144286,207262332,0,row-group-parallelism/test.lance/data/092ed846-6607-4bc4-8ff3-f4f2f1762480.lance,3105453376,3120991584
4337503642,200079236,0,row-group-parallelism/test.lance/data/092ed846-6607-4bc4-8ff3-f4f2f1762480.lance,2981115712,2996653920
4339998844,192529986,0,row-group-parallelism/test.lance/data/092ed846-6607-4bc4-8ff3-f4f2f1762480.lance,2918946880,2934485088
4341262827,178522955,0,row-group-parallelism/test.lance/data/092ed846-6607-4bc4-8ff3-f4f2f1762480.lance,2794609216,2810147424
4341932651,408010541,0,row-group-parallelism/test.lance/data/092ed846-6607-4bc4-8ff3-f4f2f1762480.lance,346958144,362496352
4349311341,193704824,0,row-group-parallelism/test.lance/data/092ed846-6607-4bc4-8ff3-f4f2f1762480.lance,2950031296,2965569504
4355929693,204825757,0,row-group-parallelism/test.lance/data/092ed846-6607-4bc4-8ff3-f4f2f1762480.lance,3012200128,3027738336
4356101033,422156238,0,row-group-parallelism/test.lance/data/092ed846-6607-4bc4-8ff3-f4f2f1762480.lance,378042560,393580768
4357303055,233744441,0,row-group-parallelism/test.lance/data/092ed846-6607-4bc4-8ff3-f4f2f1762480.lance,3074368960,3089907168
4364784115,222803356,0,row-group-parallelism/test.lance/data/092ed846-6607-4bc4-8ff3-f4f2f1762480.lance,3043284544,3058822752
4371542256,256461514,0,row-group-parallelism/test.lance/data/092ed846-6607-4bc4-8ff3-f4f2f1762480.lance,2384522368,2400060576
4373613968,220929580,0,row-group-parallelism/test.lance/data/092ed846-6607-4bc4-8ff3-f4f2f1762480.lance,2825693632,2841231840
4426648948,469588977,0,row-group-parallelism/test.lance/data/092ed846-6607-4bc4-8ff3-f4f2f1762480.lance,1757046208,1772584416
4448030687,490966449,0,row-group-parallelism/test.lance/data/092ed846-6607-4bc4-8ff3-f4f2f1762480.lance,1005256576,1020794784
4595201115,447972177,0,row-group-parallelism/test.lance/data/092ed846-6607-4bc4-8ff3-f4f2f1762480.lance,2577018304,2592556512
